,Textfile,Distance
0,../data/jpg/image_1079.jpg,194.26
1,../data/jpg/image_0772.jpg,226.63
2,../data/jpg/image_1307.jpg,13030.72
3,../data/jpg/image_0127.jpg,1076.83
4,../data/jpg/image_0479.jpg,18405.35
5,../data/jpg/image_1250.jpg,88393.41
6,../data/jpg/image_0948.jpg,207.51
7,../data/jpg/image_0964.jpg,5187.16
8,../data/jpg/image_0953.jpg,7339.17
9,../data/jpg/image_0151.jpg,43576.51
10,../data/jpg/image_0973.jpg,88256.98
11,../data/jpg/image_0724.jpg,398.4
12,../data/jpg/image_1196.jpg,29404.15
13,../data/jpg/image_0386.jpg,10616.97
14,../data/jpg/image_0692.jpg,33257.68
15,../data/jpg/image_0832.jpg,21465.41
16,../data/jpg/image_0603.jpg,83960.43
17,../data/jpg/image_1261.jpg,75770.05
18,../data/jpg/image_0163.jpg,203.19
19,../data/jpg/image_0807.jpg,390.66
20,../data/jpg/image_0894.jpg,207.05
21,../data/jpg/image_1227.jpg,5794.48
22,../data/jpg/image_1046.jpg,5650.54
23,../data/jpg/image_0100.jpg,16289.72
24,../data/jpg/image_0502.jpg,291.1
25,../data/jpg/image_1095.jpg,21274.07
26,../data/jpg/image_0268.jpg,1664.57
27,../data/jpg/image_0261.jpg,3453.51
28,../data/jpg/image_0316.jpg,271.97
29,../data/jpg/image_1257.jpg,6388.54
30,../data/jpg/image_0688.jpg,59311.26
31,../data/jpg/image_1238.jpg,8766.85
32,../data/jpg/image_0534.jpg,10570.36
33,../data/jpg/image_0303.jpg,38909.04
34,../data/jpg/image_1111.jpg,824.71
35,../data/jpg/image_1317.jpg,339.1
36,../data/jpg/image_0737.jpg,1916.54
37,../data/jpg/image_1204.jpg,5263.15
38,../data/jpg/image_0247.jpg,201.89
39,../data/jpg/image_0962.jpg,52883.2
40,../data/jpg/image_0646.jpg,135154.18
41,../data/jpg/image_0429.jpg,318.01
42,../data/jpg/image_0131.jpg,27829.78
43,../data/jpg/image_0758.jpg,12088.1
44,../data/jpg/image_0128.jpg,28850.15
45,../data/jpg/image_0107.jpg,1897.27
46,../data/jpg/image_0279.jpg,3658.21
47,../data/jpg/image_0567.jpg,13303.18
48,../data/jpg/image_0877.jpg,9208.9
49,../data/jpg/image_0683.jpg,194.93
50,../data/jpg/image_0904.jpg,143441.93
51,../data/jpg/image_0331.jpg,97098.62
52,../data/jpg/image_0483.jpg,10165.38
53,../data/jpg/image_0245.jpg,208.48
54,../data/jpg/image_1316.jpg,190.22
55,../data/jpg/image_0815.jpg,30177.17
56,../data/jpg/image_1255.jpg,20593.6
57,../data/jpg/image_1355.jpg,6108.86
58,../data/jpg/image_0625.jpg,151586.49
59,../data/jpg/image_0600.jpg,81413.53
60,../data/jpg/image_0930.jpg,39837.75
61,../data/jpg/image_0708.jpg,105539.49
62,../data/jpg/image_0333.jpg,260.23
63,../data/jpg/image_1043.jpg,14956.27
64,../data/jpg/image_0614.jpg,86401.62
65,../data/jpg/image_0833.jpg,23732.41
66,../data/jpg/image_1207.jpg,1437.16
67,../data/jpg/image_0186.jpg,1175.47
68,../data/jpg/image_1326.jpg,4319.71
69,../data/jpg/image_0995.jpg,22332.3
70,../data/jpg/image_0089.jpg,300.36
71,../data/jpg/image_0003.jpg,24900.83
72,../data/jpg/image_1084.jpg,75144.12
73,../data/jpg/image_1199.jpg,948.65
74,../data/jpg/image_1153.jpg,215.86
75,../data/jpg/image_0413.jpg,18954.14
76,../data/jpg/image_0370.jpg,12049.19
77,../data/jpg/image_0035.jpg,1674.31
78,../data/jpg/image_0485.jpg,5252.01
79,../data/jpg/image_0565.jpg,23745.32
80,../data/jpg/image_0741.jpg,193.6
81,../data/jpg/image_0978.jpg,769.7
82,../data/jpg/image_1116.jpg,25200.42
83,../data/jpg/image_0477.jpg,2091.73
84,../data/jpg/image_0970.jpg,3822.93
85,../data/jpg/image_1273.jpg,102797.3
86,../data/jpg/image_1161.jpg,799.16
87,../data/jpg/image_0216.jpg,12396.08
88,../data/jpg/image_0072.jpg,837.28
89,../data/jpg/image_0195.jpg,1382.85
90,../data/jpg/image_0293.jpg,5495.12
91,../data/jpg/image_0446.jpg,5414.9
92,../data/jpg/image_0731.jpg,381.95
93,../data/jpg/image_0857.jpg,9827.19
94,../data/jpg/image_0910.jpg,280.47
95,../data/jpg/image_0781.jpg,12821.84
96,../data/jpg/image_1241.jpg,210.12
97,../data/jpg/image_0411.jpg,17792.12
98,../data/jpg/image_0940.jpg,149003.79
99,../data/jpg/image_0258.jpg,11336.96
100,../data/jpg/image_0294.jpg,2015.6
101,../data/jpg/image_0788.jpg,19727.12
102,../data/jpg/image_0936.jpg,71136.85
103,../data/jpg/image_1090.jpg,81246.96
104,../data/jpg/image_0039.jpg,231.87
105,../data/jpg/image_0641.jpg,23079.96
106,../data/jpg/image_0344.jpg,2881.24
107,../data/jpg/image_1232.jpg,12327.1
108,../data/jpg/image_0053.jpg,360711.55
109,../data/jpg/image_1177.jpg,2355.97
110,../data/jpg/image_0945.jpg,15135.89
111,../data/jpg/image_1231.jpg,425.71
112,../data/jpg/image_0262.jpg,9601.5
113,../data/jpg/image_0838.jpg,58428.23
114,../data/jpg/image_0317.jpg,228.75
115,../data/jpg/image_0241.jpg,8968.59
116,../data/jpg/image_1244.jpg,652.87
117,../data/jpg/image_1175.jpg,287.89
118,../data/jpg/image_0748.jpg,15860.58
119,../data/jpg/image_0667.jpg,196557.97
120,../data/jpg/image_0034.jpg,41320.91
121,../data/jpg/image_1138.jpg,8578.35
122,../data/jpg/image_0277.jpg,196281.1
123,../data/jpg/image_0591.jpg,1184.91
124,../data/jpg/image_0578.jpg,3266.94
125,../data/jpg/image_0083.jpg,214.91
126,../data/jpg/image_0805.jpg,209.97
127,../data/jpg/image_0376.jpg,13879.95
128,../data/jpg/image_0050.jpg,11057.83
129,../data/jpg/image_0137.jpg,680.56
130,../data/jpg/image_0027.jpg,403.27
131,../data/jpg/image_1271.jpg,3359.68
132,../data/jpg/image_0225.jpg,20239.28
133,../data/jpg/image_0322.jpg,1642.8
134,../data/jpg/image_0022.jpg,309.91
135,../data/jpg/image_0497.jpg,233.25
136,../data/jpg/image_1294.jpg,683.8
137,../data/jpg/image_1243.jpg,35703.5
138,../data/jpg/image_1268.jpg,10225.92
139,../data/jpg/image_0084.jpg,836.2
140,../data/jpg/image_1097.jpg,3905.27
141,../data/jpg/image_0729.jpg,458.97
142,../data/jpg/image_0472.jpg,12609.9
143,../data/jpg/image_0397.jpg,9856.32
144,../data/jpg/image_0088.jpg,3466.2
145,../data/jpg/image_0606.jpg,66301.27
146,../data/jpg/image_0121.jpg,439.27
147,../data/jpg/image_1174.jpg,2741.35
148,../data/jpg/image_0204.jpg,7405.4
149,../data/jpg/image_1005.jpg,20277.19
150,../data/jpg/image_0500.jpg,211.21
151,../data/jpg/image_0360.jpg,28627.88
152,../data/jpg/image_0855.jpg,536.4
153,../data/jpg/image_1087.jpg,39476.22
154,../data/jpg/image_0434.jpg,477.32
155,../data/jpg/image_1067.jpg,1545.2
156,../data/jpg/image_0494.jpg,61165.13
157,../data/jpg/image_0289.jpg,254827.77
158,../data/jpg/image_1112.jpg,14803.64
159,../data/jpg/image_1181.jpg,1425.87
160,../data/jpg/image_1023.jpg,11239.75
161,../data/jpg/image_1027.jpg,3735.75
162,../data/jpg/image_0365.jpg,7034.42
163,../data/jpg/image_0668.jpg,43771.62
164,../data/jpg/image_1291.jpg,30975.6
165,../data/jpg/image_0410.jpg,2615.58
166,../data/jpg/image_1264.jpg,263.4
167,../data/jpg/image_0372.jpg,33538.52
168,../data/jpg/image_0882.jpg,3469.62
169,../data/jpg/image_0816.jpg,17454.67
170,../data/jpg/image_0169.jpg,3987.78
171,../data/jpg/image_0765.jpg,381.44
172,../data/jpg/image_1037.jpg,30952.02
173,../data/jpg/image_0323.jpg,5030.83
174,../data/jpg/image_0237.jpg,1521.09
175,../data/jpg/image_0823.jpg,243.97
176,../data/jpg/image_0283.jpg,64411.83
177,../data/jpg/image_0752.jpg,764.87
178,../data/jpg/image_0858.jpg,337.09
179,../data/jpg/image_0907.jpg,17924.1
180,../data/jpg/image_0548.jpg,64288.62
181,../data/jpg/image_0092.jpg,417.94
182,../data/jpg/image_0898.jpg,52028.32
183,../data/jpg/image_0449.jpg,21806.95
184,../data/jpg/image_0071.jpg,199.93
185,../data/jpg/image_1124.jpg,710.51
186,../data/jpg/image_0354.jpg,9223.38
187,../data/jpg/image_1327.jpg,1743.95
188,../data/jpg/image_0980.jpg,10616.34
189,../data/jpg/image_0811.jpg,239.41
190,../data/jpg/image_0605.jpg,275.5
191,../data/jpg/image_0455.jpg,2615.5
192,../data/jpg/image_0789.jpg,3193.23
193,../data/jpg/image_1146.jpg,3450.28
194,../data/jpg/image_0626.jpg,19232.55
195,../data/jpg/image_0517.jpg,4015.71
196,../data/jpg/image_0052.jpg,4285.25
197,../data/jpg/image_0952.jpg,251170.14
198,../data/jpg/image_0590.jpg,331296.4
199,../data/jpg/image_0276.jpg,27299.59
200,../data/jpg/image_0761.jpg,765.11
201,../data/jpg/image_0969.jpg,11322.1
202,../data/jpg/image_1200.jpg,336.23
203,../data/jpg/image_0130.jpg,111758.39
204,../data/jpg/image_0782.jpg,1285.71
205,../data/jpg/image_0601.jpg,87519.92
206,../data/jpg/image_1336.jpg,2029.87
207,../data/jpg/image_0295.jpg,17878.43
208,../data/jpg/image_1282.jpg,10181.04
209,../data/jpg/image_0817.jpg,355.27
210,../data/jpg/image_0675.jpg,6048.75
211,../data/jpg/image_1102.jpg,69813.86
212,../data/jpg/image_0726.jpg,192.03
213,../data/jpg/image_0320.jpg,1341.4
214,../data/jpg/image_0739.jpg,3930.62
215,../data/jpg/image_0271.jpg,3363.24
216,../data/jpg/image_0094.jpg,9588.5
217,../data/jpg/image_1176.jpg,2110.78
218,../data/jpg/image_0612.jpg,666.97
219,../data/jpg/image_1350.jpg,10697.98
220,../data/jpg/image_0822.jpg,206.48
221,../data/jpg/image_1056.jpg,526.41
222,../data/jpg/image_0571.jpg,1151.0
223,../data/jpg/image_0913.jpg,35002.75
224,../data/jpg/image_0014.jpg,40464.93
225,../data/jpg/image_0914.jpg,268.72
226,../data/jpg/image_0192.jpg,2025.21
227,../data/jpg/image_0542.jpg,9072.59
228,../data/jpg/image_0176.jpg,302.05
229,../data/jpg/image_0167.jpg,1269.97
230,../data/jpg/image_0341.jpg,12607.12
231,../data/jpg/image_0197.jpg,76012.9
232,../data/jpg/image_0111.jpg,248.89
233,../data/jpg/image_0310.jpg,50349.12
234,../data/jpg/image_0933.jpg,25712.56
235,../data/jpg/image_0687.jpg,1865.96
236,../data/jpg/image_1286.jpg,10599.63
237,../data/jpg/image_1210.jpg,1651.28
238,../data/jpg/image_0707.jpg,220.64
239,../data/jpg/image_0480.jpg,33899.36
240,../data/jpg/image_0275.jpg,348.65
241,../data/jpg/image_0005.jpg,8746.67
242,../data/jpg/image_0286.jpg,15418.75
243,../data/jpg/image_0132.jpg,2193.3
244,../data/jpg/image_1348.jpg,538.42
245,../data/jpg/image_0895.jpg,45396.94
246,../data/jpg/image_0263.jpg,37925.16
247,../data/jpg/image_0142.jpg,268.73
248,../data/jpg/image_1010.jpg,44922.93
249,../data/jpg/image_0424.jpg,5193.96
250,../data/jpg/image_0298.jpg,99540.84
251,../data/jpg/image_0899.jpg,42375.94
252,../data/jpg/image_0147.jpg,4952.3
253,../data/jpg/image_0905.jpg,1894.73
254,../data/jpg/image_0764.jpg,3714.35
255,../data/jpg/image_0265.jpg,193.7
256,../data/jpg/image_1334.jpg,53474.21
257,../data/jpg/image_0463.jpg,5337.27
258,../data/jpg/image_1002.jpg,52318.47
259,../data/jpg/image_0767.jpg,2243.85
260,../data/jpg/image_1237.jpg,11676.84
261,../data/jpg/image_0989.jpg,119253.8
262,../data/jpg/image_1036.jpg,3752.47
263,../data/jpg/image_0033.jpg,15580.91
264,../data/jpg/image_0613.jpg,34127.44
265,../data/jpg/image_0967.jpg,3667.89
266,../data/jpg/image_1017.jpg,3190.28
267,../data/jpg/image_0794.jpg,383.91
268,../data/jpg/image_1308.jpg,212.49
269,../data/jpg/image_0998.jpg,1903.63
270,../data/jpg/image_1040.jpg,20825.56
271,../data/jpg/image_0880.jpg,38588.29
272,../data/jpg/image_1345.jpg,11613.36
273,../data/jpg/image_0152.jpg,15384.82
274,../data/jpg/image_0836.jpg,34143.29
275,../data/jpg/image_1108.jpg,58509.1
276,../data/jpg/image_0076.jpg,36878.04
277,../data/jpg/image_0044.jpg,16407.43
278,../data/jpg/image_0629.jpg,1364.17
279,../data/jpg/image_0628.jpg,37939.24
280,../data/jpg/image_1051.jpg,143911.84
281,../data/jpg/image_0656.jpg,51623.64
282,../data/jpg/image_0746.jpg,21526.97
283,../data/jpg/image_0860.jpg,23719.03
284,../data/jpg/image_0139.jpg,354.36
285,../data/jpg/image_1020.jpg,21983.49
286,../data/jpg/image_0730.jpg,3318.68
287,../data/jpg/image_1251.jpg,1387.32
288,../data/jpg/image_1341.jpg,3496.36
289,../data/jpg/image_0790.jpg,20025.05
290,../data/jpg/image_0026.jpg,27760.81
291,../data/jpg/image_1191.jpg,157499.23
292,../data/jpg/image_0824.jpg,22122.65
293,../data/jpg/image_0168.jpg,665.51
294,../data/jpg/image_0780.jpg,9525.46
295,../data/jpg/image_0597.jpg,13501.71
296,../data/jpg/image_0848.jpg,1113.85
297,../data/jpg/image_0025.jpg,342.58
298,../data/jpg/image_0676.jpg,1719.6
299,../data/jpg/image_0959.jpg,97840.42
300,../data/jpg/image_0699.jpg,4529.82
301,../data/jpg/image_0078.jpg,36207.27
302,../data/jpg/image_0435.jpg,39617.8
303,../data/jpg/image_0579.jpg,11439.85
304,../data/jpg/image_0798.jpg,195.38
305,../data/jpg/image_0728.jpg,567.61
306,../data/jpg/image_0486.jpg,25481.85
307,../data/jpg/image_0398.jpg,197.25
308,../data/jpg/image_0636.jpg,10963.61
309,../data/jpg/image_1265.jpg,197622.06
310,../data/jpg/image_0749.jpg,2991.2
311,../data/jpg/image_1050.jpg,6292.1
312,../data/jpg/image_0787.jpg,4802.12
313,../data/jpg/image_0235.jpg,1288.62
314,../data/jpg/image_0521.jpg,27088.95
315,../data/jpg/image_0802.jpg,11956.47
316,../data/jpg/image_0906.jpg,14351.1
317,../data/jpg/image_0727.jpg,7406.42
318,../data/jpg/image_0284.jpg,29016.13
319,../data/jpg/image_0257.jpg,197.79
320,../data/jpg/image_0458.jpg,19370.91
321,../data/jpg/image_1014.jpg,11549.86
322,../data/jpg/image_0559.jpg,57206.8
323,../data/jpg/image_1212.jpg,12779.52
324,../data/jpg/image_0082.jpg,991.34
325,../data/jpg/image_0719.jpg,24908.22
326,../data/jpg/image_0818.jpg,666.81
327,../data/jpg/image_0580.jpg,30339.25
328,../data/jpg/image_1074.jpg,12935.58
329,../data/jpg/image_0670.jpg,7824.8
330,../data/jpg/image_0498.jpg,23494.08
331,../data/jpg/image_1026.jpg,5578.71
332,../data/jpg/image_1001.jpg,1938.35
333,../data/jpg/image_1306.jpg,1247.21
334,../data/jpg/image_1183.jpg,218.44
335,../data/jpg/image_0736.jpg,2339.39
336,../data/jpg/image_0219.jpg,865.63
337,../data/jpg/image_0814.jpg,50924.44
338,../data/jpg/image_0006.jpg,9252.32
339,../data/jpg/image_1041.jpg,110164.57
340,../data/jpg/image_0190.jpg,8926.48
341,../data/jpg/image_0694.jpg,35146.6
342,../data/jpg/image_0649.jpg,74642.5
343,../data/jpg/image_0254.jpg,195.27
344,../data/jpg/image_0301.jpg,2773.39
345,../data/jpg/image_0202.jpg,12601.91
346,../data/jpg/image_0673.jpg,444.67
347,../data/jpg/image_0269.jpg,12141.6
348,../data/jpg/image_0690.jpg,221.42
349,../data/jpg/image_0830.jpg,4990.31
350,../data/jpg/image_0106.jpg,22665.17
351,../data/jpg/image_0103.jpg,9187.7
352,../data/jpg/image_1266.jpg,17711.91
353,../data/jpg/image_1045.jpg,925.72
354,../data/jpg/image_0744.jpg,29675.51
355,../data/jpg/image_0912.jpg,15802.14
356,../data/jpg/image_0349.jpg,2733.69
357,../data/jpg/image_0156.jpg,127184.18
358,../data/jpg/image_0172.jpg,656.0
359,../data/jpg/image_0428.jpg,2839.04
360,../data/jpg/image_1066.jpg,31934.81
361,../data/jpg/image_0800.jpg,556.45
362,../data/jpg/image_1145.jpg,1675.52
363,../data/jpg/image_0183.jpg,2117.38
364,../data/jpg/image_0415.jpg,9670.56
365,../data/jpg/image_0273.jpg,7171.63
366,../data/jpg/image_0108.jpg,18223.58
367,../data/jpg/image_0924.jpg,13924.09
368,../data/jpg/image_0725.jpg,1363.68
369,../data/jpg/image_0513.jpg,9096.04
370,../data/jpg/image_0319.jpg,191.88
371,../data/jpg/image_1287.jpg,1168.11
372,../data/jpg/image_1285.jpg,7591.44
373,../data/jpg/image_1151.jpg,344.31
374,../data/jpg/image_1299.jpg,7609.39
375,../data/jpg/image_1028.jpg,27440.75
376,../data/jpg/image_1030.jpg,6473.49
377,../data/jpg/image_0220.jpg,2176.81
378,../data/jpg/image_1192.jpg,13331.68
379,../data/jpg/image_0223.jpg,620.18
380,../data/jpg/image_0495.jpg,12680.56
381,../data/jpg/image_0251.jpg,43666.99
382,../data/jpg/image_0342.jpg,10342.88
383,../data/jpg/image_0030.jpg,5813.44
384,../data/jpg/image_0373.jpg,226551.14
385,../data/jpg/image_0023.jpg,8627.21
386,../data/jpg/image_1022.jpg,247.54
387,../data/jpg/image_0897.jpg,1362.26
388,../data/jpg/image_0177.jpg,9681.59
389,../data/jpg/image_0403.jpg,8765.67
390,../data/jpg/image_0452.jpg,10805.89
391,../data/jpg/image_0545.jpg,207.17
392,../data/jpg/image_0490.jpg,402.12
393,../data/jpg/image_0593.jpg,5863.84
394,../data/jpg/image_1220.jpg,29315.66
395,../data/jpg/image_0990.jpg,97437.7
396,../data/jpg/image_0266.jpg,194.85
397,../data/jpg/image_0419.jpg,16881.25
398,../data/jpg/image_0442.jpg,204.23
399,../data/jpg/image_0213.jpg,1797.25
400,../data/jpg/image_0501.jpg,6120.26
401,../data/jpg/image_0766.jpg,302.49
402,../data/jpg/image_0209.jpg,3468.37
403,../data/jpg/image_1083.jpg,257960.85
404,../data/jpg/image_0081.jpg,7279.79
405,../data/jpg/image_0757.jpg,292.11
406,../data/jpg/image_0207.jpg,9322.17
407,../data/jpg/image_0677.jpg,195.42
408,../data/jpg/image_0481.jpg,215.63
409,../data/jpg/image_0086.jpg,4399.55
410,../data/jpg/image_1337.jpg,250.49
411,../data/jpg/image_0983.jpg,3007.97
412,../data/jpg/image_0055.jpg,64222.21
413,../data/jpg/image_0971.jpg,43303.17
414,../data/jpg/image_0691.jpg,32079.07
415,../data/jpg/image_1133.jpg,3351.9
416,../data/jpg/image_0345.jpg,792.15
417,../data/jpg/image_0326.jpg,3600.05
418,../data/jpg/image_0538.jpg,98834.06
419,../data/jpg/image_1357.jpg,266.98
420,../data/jpg/image_0873.jpg,36138.9
421,../data/jpg/image_0143.jpg,43647.24
422,../data/jpg/image_1165.jpg,3450.65
423,../data/jpg/image_0243.jpg,205.47
424,../data/jpg/image_0553.jpg,2053.04
425,../data/jpg/image_1331.jpg,2675.73
426,../data/jpg/image_0351.jpg,107115.32
427,../data/jpg/image_0334.jpg,529.49
428,../data/jpg/image_0154.jpg,936.27
429,../data/jpg/image_0236.jpg,96825.5
430,../data/jpg/image_1035.jpg,90762.5
431,../data/jpg/image_1080.jpg,1740.79
432,../data/jpg/image_0013.jpg,13082.17
433,../data/jpg/image_1333.jpg,15760.98
434,../data/jpg/image_0813.jpg,2745.24
435,../data/jpg/image_1262.jpg,23199.15
436,../data/jpg/image_0514.jpg,193.69
437,../data/jpg/image_1166.jpg,1431.51
438,../data/jpg/image_0300.jpg,9280.17
439,../data/jpg/image_0684.jpg,230.3
440,../data/jpg/image_0750.jpg,1319.57
441,../data/jpg/image_1324.jpg,1225.27
442,../data/jpg/image_0633.jpg,415442.64
443,../data/jpg/image_0759.jpg,21256.42
444,../data/jpg/image_0367.jpg,610.7
445,../data/jpg/image_1012.jpg,27105.3
446,../data/jpg/image_0797.jpg,192.39
447,../data/jpg/image_1259.jpg,7404.99
448,../data/jpg/image_0653.jpg,40887.2
449,../data/jpg/image_1085.jpg,1068.15
450,../data/jpg/image_0623.jpg,92280.82
451,../data/jpg/image_0847.jpg,4151.15
452,../data/jpg/image_0581.jpg,16633.9
453,../data/jpg/image_0385.jpg,3285.73
454,../data/jpg/image_1103.jpg,10195.22
455,../data/jpg/image_0436.jpg,4303.8
456,../data/jpg/image_0985.jpg,7557.38
457,../data/jpg/image_0695.jpg,4151.2
458,../data/jpg/image_1234.jpg,292.96
459,../data/jpg/image_0457.jpg,379.94
460,../data/jpg/image_1213.jpg,809.27
461,../data/jpg/image_1347.jpg,23788.81
462,../data/jpg/image_0250.jpg,9128.82
463,../data/jpg/image_0977.jpg,307.06
464,../data/jpg/image_0468.jpg,17713.53
465,../data/jpg/image_0459.jpg,235.21
466,../data/jpg/image_1194.jpg,34958.76
467,../data/jpg/image_0947.jpg,9323.31
468,../data/jpg/image_1121.jpg,9019.95
469,../data/jpg/image_0430.jpg,17000.59
470,../data/jpg/image_0451.jpg,14395.06
471,../data/jpg/image_1270.jpg,7708.28
472,../data/jpg/image_0994.jpg,7149.24
473,../data/jpg/image_1033.jpg,45189.41
474,../data/jpg/image_0867.jpg,888.14
475,../data/jpg/image_1152.jpg,151016.44
476,../data/jpg/image_0596.jpg,53414.96
477,../data/jpg/image_0011.jpg,120241.48
478,../data/jpg/image_1198.jpg,2494.84
479,../data/jpg/image_0640.jpg,404.63
480,../data/jpg/image_1058.jpg,2885.96
481,../data/jpg/image_0437.jpg,385.91
482,../data/jpg/image_0390.jpg,14237.1
483,../data/jpg/image_0445.jpg,6136.96
484,../data/jpg/image_0774.jpg,1709.51
485,../data/jpg/image_1216.jpg,306.43
486,../data/jpg/image_1284.jpg,211.97
487,../data/jpg/image_0925.jpg,2676.09
488,../data/jpg/image_0664.jpg,23384.35
489,../data/jpg/image_0958.jpg,10839.05
490,../data/jpg/image_0146.jpg,1371.87
491,../data/jpg/image_1148.jpg,14564.15
492,../data/jpg/image_0889.jpg,5896.69
493,../data/jpg/image_0133.jpg,7427.68
494,../data/jpg/image_0714.jpg,38238.45
495,../data/jpg/image_0602.jpg,305.88
496,../data/jpg/image_0617.jpg,16309.39
497,../data/jpg/image_1171.jpg,151024.93
498,../data/jpg/image_0561.jpg,1874.19
499,../data/jpg/image_0054.jpg,131168.45
500,../data/jpg/image_0017.jpg,203.14
501,../data/jpg/image_0760.jpg,1281.32
502,../data/jpg/image_0992.jpg,343.12
503,../data/jpg/image_0336.jpg,4752.77
504,../data/jpg/image_0634.jpg,65217.13
505,../data/jpg/image_0886.jpg,193.21
506,../data/jpg/image_0503.jpg,2985.93
507,../data/jpg/image_0282.jpg,211764.13
508,../data/jpg/image_1289.jpg,907.68
509,../data/jpg/image_0535.jpg,945.69
510,../data/jpg/image_0763.jpg,199.3
511,../data/jpg/image_0742.jpg,216.34
512,../data/jpg/image_0487.jpg,195.77
513,../data/jpg/image_0648.jpg,52092.35
514,../data/jpg/image_0371.jpg,10547.29
515,../data/jpg/image_0126.jpg,11998.73
516,../data/jpg/image_1120.jpg,51127.97
517,../data/jpg/image_0652.jpg,80838.72
518,../data/jpg/image_0098.jpg,22504.58
519,../data/jpg/image_1178.jpg,480946.75
520,../data/jpg/image_1301.jpg,16804.05
521,../data/jpg/image_0680.jpg,219.07
522,../data/jpg/image_1330.jpg,990.47
523,../data/jpg/image_1069.jpg,196.97
524,../data/jpg/image_0666.jpg,1124.3
525,../data/jpg/image_0232.jpg,406.58
526,../data/jpg/image_0040.jpg,964.94
527,../data/jpg/image_1322.jpg,32630.94
528,../data/jpg/image_0526.jpg,1576.07
529,../data/jpg/image_0639.jpg,128344.43
530,../data/jpg/image_0588.jpg,6354.49
531,../data/jpg/image_0536.jpg,73543.16
532,../data/jpg/image_0047.jpg,4880.74
533,../data/jpg/image_0810.jpg,8193.57
534,../data/jpg/image_0972.jpg,1800.91
535,../data/jpg/image_1315.jpg,1121.61
536,../data/jpg/image_1013.jpg,207.19
537,../data/jpg/image_0572.jpg,25155.36
538,../data/jpg/image_0826.jpg,18847.07
539,../data/jpg/image_0117.jpg,1633.71
540,../data/jpg/image_0672.jpg,2295.44
541,../data/jpg/image_0178.jpg,3730.93
542,../data/jpg/image_0589.jpg,29585.01
543,../data/jpg/image_0732.jpg,9378.04
544,../data/jpg/image_1009.jpg,19565.86
545,../data/jpg/image_0563.jpg,9910.83
546,../data/jpg/image_0577.jpg,2821.41
547,../data/jpg/image_1173.jpg,205.59
548,../data/jpg/image_1247.jpg,256.01
549,../data/jpg/image_1004.jpg,20009.83
550,../data/jpg/image_0853.jpg,21464.46
551,../data/jpg/image_0609.jpg,9391.81
552,../data/jpg/image_0401.jpg,7068.05
553,../data/jpg/image_0615.jpg,67685.89
554,../data/jpg/image_1150.jpg,96838.59
555,../data/jpg/image_1021.jpg,7667.37
556,../data/jpg/image_0292.jpg,1251.72
557,../data/jpg/image_1053.jpg,427.94
558,../data/jpg/image_0338.jpg,119195.62
559,../data/jpg/image_0057.jpg,5338.62
560,../data/jpg/image_0482.jpg,912.5
561,../data/jpg/image_0170.jpg,11996.9
562,../data/jpg/image_1313.jpg,7517.85
563,../data/jpg/image_0461.jpg,614.37
564,../data/jpg/image_1105.jpg,13984.58
565,../data/jpg/image_0309.jpg,45818.47
566,../data/jpg/image_0484.jpg,27294.97
567,../data/jpg/image_1119.jpg,3547.34
568,../data/jpg/image_1323.jpg,207.58
569,../data/jpg/image_1230.jpg,45720.99
570,../data/jpg/image_0756.jpg,475.98
571,../data/jpg/image_0821.jpg,4132.94
572,../data/jpg/image_0114.jpg,204.01
573,../data/jpg/image_0123.jpg,21443.68
574,../data/jpg/image_0402.jpg,12638.57
575,../data/jpg/image_1219.jpg,12822.26
576,../data/jpg/image_0635.jpg,216.04
577,../data/jpg/image_0162.jpg,6081.26
578,../data/jpg/image_0306.jpg,219.06
579,../data/jpg/image_0620.jpg,100409.57
580,../data/jpg/image_0544.jpg,6249.94
581,../data/jpg/image_0738.jpg,912.66
582,../data/jpg/image_0671.jpg,19776.85
583,../data/jpg/image_0465.jpg,114203.65
584,../data/jpg/image_0456.jpg,18817.41
585,../data/jpg/image_0859.jpg,3276.19
586,../data/jpg/image_0287.jpg,6552.81
587,../data/jpg/image_0878.jpg,13405.57
588,../data/jpg/image_0773.jpg,190.14
589,../data/jpg/image_0314.jpg,4358.54
590,../data/jpg/image_0439.jpg,1515.32
591,../data/jpg/image_1360.jpg,215255.75
592,../data/jpg/image_1184.jpg,5898.11
593,../data/jpg/image_1032.jpg,3860.93
594,../data/jpg/image_1082.jpg,3313.8
595,../data/jpg/image_1131.jpg,287.88
596,../data/jpg/image_0796.jpg,417.53
597,../data/jpg/image_0024.jpg,27663.19
598,../data/jpg/image_0362.jpg,82982.43
599,../data/jpg/image_1276.jpg,19427.43
600,../data/jpg/image_0527.jpg,207.74
601,../data/jpg/image_0786.jpg,4197.02
602,../data/jpg/image_0783.jpg,46440.73
603,../data/jpg/image_0650.jpg,2981.34
604,../data/jpg/image_0253.jpg,2059.27
605,../data/jpg/image_0537.jpg,64608.25
606,../data/jpg/image_0584.jpg,4028.33
607,../data/jpg/image_1070.jpg,83754.23
608,../data/jpg/image_0662.jpg,11465.36
609,../data/jpg/image_0705.jpg,2131.52
610,../data/jpg/image_1338.jpg,16734.23
611,../data/jpg/image_0852.jpg,7575.49
612,../data/jpg/image_0509.jpg,2459.13
613,../data/jpg/image_0734.jpg,479.77
614,../data/jpg/image_0211.jpg,9917.35
615,../data/jpg/image_0264.jpg,461.46
616,../data/jpg/image_0991.jpg,1972.19
617,../data/jpg/image_0706.jpg,12130.1
618,../data/jpg/image_1303.jpg,197.96
619,../data/jpg/image_0562.jpg,35483.74
620,../data/jpg/image_1149.jpg,1868.07
621,../data/jpg/image_0523.jpg,8039.43
622,../data/jpg/image_1109.jpg,15422.88
623,../data/jpg/image_0965.jpg,11508.67
624,../data/jpg/image_1114.jpg,1364.0
625,../data/jpg/image_1159.jpg,1479.8
626,../data/jpg/image_0116.jpg,3644.65
627,../data/jpg/image_0735.jpg,27317.8
628,../data/jpg/image_0157.jpg,4546.68
629,../data/jpg/image_0466.jpg,8168.71
630,../data/jpg/image_1346.jpg,73487.56
631,../data/jpg/image_1233.jpg,5798.08
632,../data/jpg/image_1042.jpg,9164.67
633,../data/jpg/image_0554.jpg,17246.3
634,../data/jpg/image_0129.jpg,507.95
635,../data/jpg/image_0718.jpg,166102.9
636,../data/jpg/image_0389.jpg,1606.54
637,../data/jpg/image_0525.jpg,530.57
638,../data/jpg/image_0339.jpg,10713.25
639,../data/jpg/image_0138.jpg,14290.53
640,../data/jpg/image_0242.jpg,195.99
641,../data/jpg/image_1169.jpg,2522.98
642,../data/jpg/image_1007.jpg,102762.73
643,../data/jpg/image_0546.jpg,1244.16
644,../data/jpg/image_1222.jpg,19248.94
645,../data/jpg/image_0976.jpg,10134.87
646,../data/jpg/image_0558.jpg,1312.75
647,../data/jpg/image_0325.jpg,55180.78
648,../data/jpg/image_0304.jpg,3621.4
649,../data/jpg/image_0392.jpg,264.2
650,../data/jpg/image_0343.jpg,25181.0
651,../data/jpg/image_1318.jpg,7368.89
652,../data/jpg/image_0462.jpg,43871.55
653,../data/jpg/image_0865.jpg,44121.11
654,../data/jpg/image_1160.jpg,199.29
655,../data/jpg/image_1127.jpg,6999.72
656,../data/jpg/image_1344.jpg,6128.2
657,../data/jpg/image_0929.jpg,185358.98
658,../data/jpg/image_1117.jpg,5721.9
659,../data/jpg/image_0124.jpg,627.63
660,../data/jpg/image_0954.jpg,10322.65
661,../data/jpg/image_0951.jpg,89078.89
662,../data/jpg/image_0926.jpg,14339.93
663,../data/jpg/image_0199.jpg,1181.61
664,../data/jpg/image_0512.jpg,2237.03
665,../data/jpg/image_0678.jpg,70799.0
666,../data/jpg/image_0175.jpg,239.97
667,../data/jpg/image_0318.jpg,1754.09
668,../data/jpg/image_0556.jpg,223.31
669,../data/jpg/image_0068.jpg,3223.21
670,../data/jpg/image_0238.jpg,193.06
671,../data/jpg/image_0654.jpg,17805.7
672,../data/jpg/image_0622.jpg,24455.48
673,../data/jpg/image_0740.jpg,190.63
674,../data/jpg/image_1136.jpg,36896.52
675,../data/jpg/image_0784.jpg,194.41
676,../data/jpg/image_0058.jpg,40755.55
677,../data/jpg/image_0808.jpg,8997.63
678,../data/jpg/image_1354.jpg,5699.51
679,../data/jpg/image_0717.jpg,196.15
680,../data/jpg/image_0530.jpg,195.11
681,../data/jpg/image_1000.jpg,62430.97
682,../data/jpg/image_0555.jpg,6245.03
683,../data/jpg/image_0038.jpg,396.52
684,../data/jpg/image_0686.jpg,45257.98
685,../data/jpg/image_0405.jpg,39128.74
686,../data/jpg/image_1157.jpg,18646.9
687,../data/jpg/image_1099.jpg,195.26
688,../data/jpg/image_0313.jpg,139807.7
689,../data/jpg/image_0522.jpg,22400.97
690,../data/jpg/image_0278.jpg,28325.45
691,../data/jpg/image_0785.jpg,1091.17
692,../data/jpg/image_1081.jpg,1115.75
693,../data/jpg/image_0384.jpg,2131.66
694,../data/jpg/image_0624.jpg,23318.24
695,../data/jpg/image_0387.jpg,134461.1
696,../data/jpg/image_0888.jpg,76719.83
697,../data/jpg/image_0297.jpg,2237.58
698,../data/jpg/image_0427.jpg,234.84
699,../data/jpg/image_0679.jpg,176791.94
700,../data/jpg/image_0422.jpg,9081.46
701,../data/jpg/image_1063.jpg,3792.52
702,../data/jpg/image_0021.jpg,677.33
703,../data/jpg/image_0515.jpg,198.83
704,../data/jpg/image_0148.jpg,25210.35
705,../data/jpg/image_1006.jpg,220.43
706,../data/jpg/image_1254.jpg,4079.44
707,../data/jpg/image_0923.jpg,19458.38
708,../data/jpg/image_1269.jpg,4310.92
709,../data/jpg/image_0551.jpg,192.02
710,../data/jpg/image_0887.jpg,835.8
711,../data/jpg/image_0488.jpg,21248.89
712,../data/jpg/image_0066.jpg,496.98
713,../data/jpg/image_0776.jpg,206.2
714,../data/jpg/image_0909.jpg,7320.76
715,../data/jpg/image_0885.jpg,2612.96
716,../data/jpg/image_0109.jpg,17208.81
717,../data/jpg/image_0917.jpg,22872.83
718,../data/jpg/image_0957.jpg,27843.44
719,../data/jpg/image_0869.jpg,10129.19
720,../data/jpg/image_1206.jpg,33207.58
721,../data/jpg/image_0966.jpg,25609.08
722,../data/jpg/image_0474.jpg,384.54
723,../data/jpg/image_1290.jpg,15090.99
724,../data/jpg/image_0845.jpg,1789.24
725,../data/jpg/image_0431.jpg,436.36
726,../data/jpg/image_0164.jpg,388.26
727,../data/jpg/image_0661.jpg,7582.01
728,../data/jpg/image_0935.jpg,7144.5
729,../data/jpg/image_0311.jpg,60404.72
730,../data/jpg/image_0464.jpg,1245.88
731,../data/jpg/image_0993.jpg,3747.09
732,../data/jpg/image_0015.jpg,11514.87
733,../data/jpg/image_0809.jpg,778.1
734,../data/jpg/image_0377.jpg,108025.92
735,../data/jpg/image_1310.jpg,669.37
736,../data/jpg/image_0820.jpg,536.23
737,../data/jpg/image_0388.jpg,542.14
738,../data/jpg/image_0217.jpg,11103.76
739,../data/jpg/image_1093.jpg,9106.43
740,../data/jpg/image_1141.jpg,4647.53
741,../data/jpg/image_0890.jpg,243.71
742,../data/jpg/image_0861.jpg,1211.57
743,../data/jpg/image_1235.jpg,2305.25
744,../data/jpg/image_1057.jpg,6881.98
745,../data/jpg/image_0573.jpg,17749.51
746,../data/jpg/image_0986.jpg,100650.87
747,../data/jpg/image_0122.jpg,18207.75
748,../data/jpg/image_0059.jpg,271.64
749,../data/jpg/image_0102.jpg,389.8
750,../data/jpg/image_0229.jpg,7515.73
751,../data/jpg/image_1358.jpg,150995.72
752,../data/jpg/image_0507.jpg,3301.53
753,../data/jpg/image_0879.jpg,1151.41
754,../data/jpg/image_0850.jpg,243.91
755,../data/jpg/image_0651.jpg,21383.21
756,../data/jpg/image_0856.jpg,239.38
757,../data/jpg/image_0607.jpg,2536.22
758,../data/jpg/image_0754.jpg,572.11
759,../data/jpg/image_0939.jpg,3900.97
760,../data/jpg/image_0205.jpg,195.51
761,../data/jpg/image_0095.jpg,1020.5
762,../data/jpg/image_0353.jpg,84487.14
763,../data/jpg/image_0165.jpg,6457.78
764,../data/jpg/image_0467.jpg,476.84
765,../data/jpg/image_0113.jpg,485.2
766,../data/jpg/image_0872.jpg,10503.5
767,../data/jpg/image_0208.jpg,208.54
768,../data/jpg/image_0302.jpg,14433.74
769,../data/jpg/image_1236.jpg,634.47
770,../data/jpg/image_0941.jpg,1343.64
771,../data/jpg/image_0159.jpg,1298.08
772,../data/jpg/image_0067.jpg,1514.24
773,../data/jpg/image_1293.jpg,2830.68
774,../data/jpg/image_0779.jpg,278.37
775,../data/jpg/image_0552.jpg,1703.21
776,../data/jpg/image_0529.jpg,239.06
777,../data/jpg/image_1296.jpg,3880.71
778,../data/jpg/image_0492.jpg,917.5
779,../data/jpg/image_1100.jpg,76957.7
780,../data/jpg/image_0355.jpg,2199.35
781,../data/jpg/image_0812.jpg,16860.19
782,../data/jpg/image_0378.jpg,20090.81
783,../data/jpg/image_1246.jpg,33756.02
784,../data/jpg/image_0681.jpg,1915.96
785,../data/jpg/image_0420.jpg,214.92
786,../data/jpg/image_0193.jpg,201.44
787,../data/jpg/image_0627.jpg,40872.91
788,../data/jpg/image_0716.jpg,63638.0
789,../data/jpg/image_1129.jpg,243.03
790,../data/jpg/image_0101.jpg,1846.13
791,../data/jpg/image_1110.jpg,19966.73
792,../data/jpg/image_1170.jpg,344.32
793,../data/jpg/image_0296.jpg,2601.07
794,../data/jpg/image_0931.jpg,295.84
795,../data/jpg/image_1245.jpg,46334.51
796,../data/jpg/image_0062.jpg,1850.28
797,../data/jpg/image_0974.jpg,14655.59
798,../data/jpg/image_0189.jpg,339.05
799,../data/jpg/image_0632.jpg,1435.46
800,../data/jpg/image_1195.jpg,24758.45
801,../data/jpg/image_1155.jpg,983.27
802,../data/jpg/image_1038.jpg,212334.55
803,../data/jpg/image_0987.jpg,420.37
804,../data/jpg/image_0181.jpg,2655.77
805,../data/jpg/image_1256.jpg,7707.53
806,../data/jpg/image_0409.jpg,288.97
807,../data/jpg/image_1062.jpg,91784.19
808,../data/jpg/image_0470.jpg,1704.27
809,../data/jpg/image_1209.jpg,1994.45
810,../data/jpg/image_1356.jpg,76573.44
811,../data/jpg/image_0928.jpg,204.17
812,../data/jpg/image_0120.jpg,9965.61
813,../data/jpg/image_0383.jpg,79676.48
814,../data/jpg/image_0960.jpg,535810.69
815,../data/jpg/image_1267.jpg,1275.79
816,../data/jpg/image_1132.jpg,27659.03
817,../data/jpg/image_0379.jpg,3570.38
818,../data/jpg/image_0893.jpg,185441.03
819,../data/jpg/image_1163.jpg,5779.33
820,../data/jpg/image_1311.jpg,1744.26
821,../data/jpg/image_0412.jpg,20689.88
822,../data/jpg/image_1107.jpg,18596.91
823,../data/jpg/image_0896.jpg,5835.03
824,../data/jpg/image_0791.jpg,197.6
825,../data/jpg/image_1275.jpg,550.31
826,../data/jpg/image_1260.jpg,5333.37
827,../data/jpg/image_1139.jpg,3119.34
828,../data/jpg/image_1101.jpg,706.01
829,../data/jpg/image_0004.jpg,196.46
830,../data/jpg/image_1226.jpg,1454.61
831,../data/jpg/image_0587.jpg,322.83
832,../data/jpg/image_1239.jpg,211.86
833,../data/jpg/image_0709.jpg,7535.0
834,../data/jpg/image_1168.jpg,96924.9
835,../data/jpg/image_1202.jpg,14933.14
836,../data/jpg/image_0346.jpg,765.04
837,../data/jpg/image_1339.jpg,1411.52
838,../data/jpg/image_0049.jpg,51976.43
839,../data/jpg/image_0166.jpg,501.2
840,../data/jpg/image_0881.jpg,210.96
841,../data/jpg/image_1351.jpg,927.48
842,../data/jpg/image_0270.jpg,9289.15
843,../data/jpg/image_0655.jpg,8139.39
844,../data/jpg/image_1288.jpg,29227.83
845,../data/jpg/image_0450.jpg,2624.58
846,../data/jpg/image_0946.jpg,45373.16
847,../data/jpg/image_0674.jpg,82342.1
848,../data/jpg/image_0332.jpg,26151.85
849,../data/jpg/image_0069.jpg,1806.61
850,../data/jpg/image_0702.jpg,69211.93
851,../data/jpg/image_1240.jpg,693.38
852,../data/jpg/image_0864.jpg,2425.17
853,../data/jpg/image_0214.jpg,362.54
854,../data/jpg/image_0768.jpg,17834.31
855,../data/jpg/image_0491.jpg,186795.52
856,../data/jpg/image_0393.jpg,196.67
857,../data/jpg/image_0586.jpg,16833.3
858,../data/jpg/image_0375.jpg,16355.49
859,../data/jpg/image_0018.jpg,197.49
860,../data/jpg/image_0733.jpg,1195.36
861,../data/jpg/image_0042.jpg,6650.69
862,../data/jpg/image_0144.jpg,337.42
863,../data/jpg/image_0846.jpg,223.67
864,../data/jpg/image_0827.jpg,44287.73
865,../data/jpg/image_0149.jpg,5260.27
866,../data/jpg/image_0524.jpg,52054.73
867,../data/jpg/image_1263.jpg,753.63
868,../data/jpg/image_0036.jpg,4500.53
869,../data/jpg/image_0564.jpg,8207.68
870,../data/jpg/image_0703.jpg,581.12
871,../data/jpg/image_0643.jpg,20719.83
872,../data/jpg/image_1182.jpg,867.43
873,../data/jpg/image_1180.jpg,764.83
874,../data/jpg/image_0566.jpg,283.41
875,../data/jpg/image_1298.jpg,223.72
876,../data/jpg/image_1073.jpg,2220.82
877,../data/jpg/image_0988.jpg,479028.8
878,../data/jpg/image_0274.jpg,214.13
879,../data/jpg/image_0417.jpg,1679.99
880,../data/jpg/image_0099.jpg,205.72
881,../data/jpg/image_0751.jpg,194.28
882,../data/jpg/image_1126.jpg,7128.82
883,../data/jpg/image_0210.jpg,335.42
884,../data/jpg/image_1049.jpg,12228.84
885,../data/jpg/image_0619.jpg,593.62
886,../data/jpg/image_1122.jpg,1486.72
887,../data/jpg/image_0932.jpg,38374.2
888,../data/jpg/image_0150.jpg,7201.0
889,../data/jpg/image_0335.jpg,2159.51
890,../data/jpg/image_0920.jpg,41472.45
891,../data/jpg/image_0803.jpg,15478.56
892,../data/jpg/image_1076.jpg,51222.47
893,../data/jpg/image_1128.jpg,2353.78
894,../data/jpg/image_0002.jpg,6650.83
895,../data/jpg/image_0448.jpg,7335.25
896,../data/jpg/image_0911.jpg,18089.63
897,../data/jpg/image_1140.jpg,201.87
898,../data/jpg/image_1314.jpg,207.84
899,../data/jpg/image_0982.jpg,3191.63
900,../data/jpg/image_0280.jpg,480.79
901,../data/jpg/image_1115.jpg,21502.95
902,../data/jpg/image_0155.jpg,219.75
903,../data/jpg/image_0366.jpg,35586.24
904,../data/jpg/image_1089.jpg,18452.71
905,../data/jpg/image_0533.jpg,229.64
906,../data/jpg/image_0352.jpg,749.38
907,../data/jpg/image_0324.jpg,10019.77
908,../data/jpg/image_0611.jpg,82153.89
909,../data/jpg/image_0065.jpg,293.8
910,../data/jpg/image_1137.jpg,3764.5
911,../data/jpg/image_0374.jpg,31586.63
912,../data/jpg/image_0358.jpg,233.83
913,../data/jpg/image_0560.jpg,1958.39
914,../data/jpg/image_1320.jpg,17375.96
915,../data/jpg/image_0460.jpg,316.7
916,../data/jpg/image_0575.jpg,322.46
917,../data/jpg/image_0689.jpg,2577.35
918,../data/jpg/image_0831.jpg,5735.58
919,../data/jpg/image_1003.jpg,26388.71
920,../data/jpg/image_0246.jpg,1198.91
921,../data/jpg/image_0194.jpg,493.24
922,../data/jpg/image_1143.jpg,513.82
923,../data/jpg/image_0511.jpg,20703.89
924,../data/jpg/image_0396.jpg,268.74
925,../data/jpg/image_1359.jpg,1227.54
926,../data/jpg/image_0337.jpg,2234.39
927,../data/jpg/image_1295.jpg,4848.89
928,../data/jpg/image_0180.jpg,229.89
929,../data/jpg/image_0200.jpg,2897.1
930,../data/jpg/image_1217.jpg,15815.9
931,../data/jpg/image_1029.jpg,26394.29
932,../data/jpg/image_0433.jpg,1704.05
933,../data/jpg/image_0153.jpg,14670.95
934,../data/jpg/image_0621.jpg,433.63
935,../data/jpg/image_0568.jpg,368.58
936,../data/jpg/image_1258.jpg,4404.81
937,../data/jpg/image_1048.jpg,15475.43
938,../data/jpg/image_0135.jpg,11618.45
939,../data/jpg/image_0230.jpg,2549.5
940,../data/jpg/image_1158.jpg,427.37
941,../data/jpg/image_1329.jpg,3365.05
942,../data/jpg/image_0540.jpg,193.36
943,../data/jpg/image_1280.jpg,6200.92
944,../data/jpg/image_0704.jpg,14262.38
945,../data/jpg/image_0755.jpg,6878.77
946,../data/jpg/image_0608.jpg,131217.92
947,../data/jpg/image_0469.jpg,9081.46
948,../data/jpg/image_1054.jpg,8001.29
949,../data/jpg/image_0981.jpg,2454.03
950,../data/jpg/image_0712.jpg,939.78
951,../data/jpg/image_0504.jpg,5109.8
952,../data/jpg/image_0793.jpg,532.29
953,../data/jpg/image_0531.jpg,306.59
954,../data/jpg/image_1189.jpg,5570.13
955,../data/jpg/image_0443.jpg,5193.13
956,../data/jpg/image_0996.jpg,1089.21
957,../data/jpg/image_1281.jpg,15738.86
958,../data/jpg/image_1016.jpg,60326.72
959,../data/jpg/image_1253.jpg,13819.01
960,../data/jpg/image_0520.jpg,2910.65
961,../data/jpg/image_0255.jpg,36928.22
962,../data/jpg/image_0918.jpg,1050.6
963,../data/jpg/image_1130.jpg,4644.94
964,../data/jpg/image_0903.jpg,331.23
965,../data/jpg/image_0849.jpg,5958.61
966,../data/jpg/image_0950.jpg,119196.4
967,../data/jpg/image_1208.jpg,4823.3
968,../data/jpg/image_1332.jpg,2711.65
969,../data/jpg/image_0441.jpg,15004.62
970,../data/jpg/image_0454.jpg,242.65
971,../data/jpg/image_0908.jpg,38361.74
972,../data/jpg/image_1242.jpg,12447.46
973,../data/jpg/image_0944.jpg,3027.98
974,../data/jpg/image_1274.jpg,8134.14
975,../data/jpg/image_1190.jpg,11496.68
976,../data/jpg/image_1167.jpg,5165.78
977,../data/jpg/image_0075.jpg,5708.13
978,../data/jpg/image_0665.jpg,30776.3
979,../data/jpg/image_1075.jpg,3263.29
980,../data/jpg/image_0722.jpg,226.5
981,../data/jpg/image_0698.jpg,7059.82
982,../data/jpg/image_1319.jpg,333.32
983,../data/jpg/image_1225.jpg,10835.56
984,../data/jpg/image_0839.jpg,24966.13
985,../data/jpg/image_1086.jpg,95893.85
986,../data/jpg/image_0955.jpg,709.18
987,../data/jpg/image_1071.jpg,23799.07
988,../data/jpg/image_0862.jpg,34142.08
989,../data/jpg/image_0685.jpg,276.82
990,../data/jpg/image_1011.jpg,342.66
991,../data/jpg/image_0919.jpg,5087.36
992,../data/jpg/image_0361.jpg,362.89
993,../data/jpg/image_0432.jpg,1272.35
994,../data/jpg/image_0644.jpg,511.63
995,../data/jpg/image_0228.jpg,290.26
996,../data/jpg/image_0077.jpg,4288.75
997,../data/jpg/image_0594.jpg,9314.73
998,../data/jpg/image_0426.jpg,3398.7
999,../data/jpg/image_0203.jpg,3891.02
1000,../data/jpg/image_0747.jpg,602.65
1001,../data/jpg/image_1059.jpg,710.86
1002,../data/jpg/image_0663.jpg,12457.87
1003,../data/jpg/image_0518.jpg,1379.8
1004,../data/jpg/image_0171.jpg,208.62
1005,../data/jpg/image_0799.jpg,208.06
1006,../data/jpg/image_0934.jpg,18281.24
1007,../data/jpg/image_0348.jpg,18520.99
1008,../data/jpg/image_1304.jpg,1486.02
1009,../data/jpg/image_0854.jpg,34663.32
1010,../data/jpg/image_0762.jpg,14820.4
1011,../data/jpg/image_0056.jpg,181842.25
1012,../data/jpg/image_0074.jpg,14411.77
1013,../data/jpg/image_0382.jpg,1784.23
1014,../data/jpg/image_0723.jpg,37781.23
1015,../data/jpg/image_0884.jpg,3167.89
1016,../data/jpg/image_0570.jpg,63111.16
1017,../data/jpg/image_1134.jpg,932.12
1018,../data/jpg/image_1214.jpg,46343.97
1019,../data/jpg/image_1193.jpg,6986.9
1020,../data/jpg/image_0110.jpg,192.79
1021,../data/jpg/image_1300.jpg,6949.63
1022,../data/jpg/image_1309.jpg,76628.39
1023,../data/jpg/image_0696.jpg,5218.96
1024,../data/jpg/image_0697.jpg,437.32
1025,../data/jpg/image_1039.jpg,14768.38
1026,../data/jpg/image_0115.jpg,2092.97
1027,../data/jpg/image_1292.jpg,457.31
1028,../data/jpg/image_1144.jpg,537.34
1029,../data/jpg/image_0875.jpg,2002.27
1030,../data/jpg/image_0901.jpg,1493.92
1031,../data/jpg/image_0499.jpg,3018.82
1032,../data/jpg/image_0161.jpg,208.2
1033,../data/jpg/image_1179.jpg,109451.63
1034,../data/jpg/image_1078.jpg,191.69
1035,../data/jpg/image_0769.jpg,11775.84
1036,../data/jpg/image_0505.jpg,906.02
1037,../data/jpg/image_0248.jpg,200.41
1038,../data/jpg/image_1325.jpg,213.97
1039,../data/jpg/image_0618.jpg,11061.44
1040,../data/jpg/image_0519.jpg,197.49
1041,../data/jpg/image_1197.jpg,1249.19
1042,../data/jpg/image_0231.jpg,269.31
1043,../data/jpg/image_1088.jpg,10301.92
1044,../data/jpg/image_0975.jpg,2408.36
1045,../data/jpg/image_0569.jpg,12762.64
1046,../data/jpg/image_0212.jpg,784.48
1047,../data/jpg/image_1060.jpg,7143.41
1048,../data/jpg/image_0508.jpg,511.18
1049,../data/jpg/image_0007.jpg,863.36
1050,../data/jpg/image_0657.jpg,8824.07
1051,../data/jpg/image_0136.jpg,15659.9
1052,../data/jpg/image_0063.jpg,512.17
1053,../data/jpg/image_0085.jpg,16369.76
1054,../data/jpg/image_0222.jpg,767.16
1055,../data/jpg/image_0188.jpg,874.64
1056,../data/jpg/image_0949.jpg,227.21
1057,../data/jpg/image_0828.jpg,1113.83
1058,../data/jpg/image_0825.jpg,14975.12
1059,../data/jpg/image_0259.jpg,286.24
1060,../data/jpg/image_0506.jpg,6029.64
1061,../data/jpg/image_0118.jpg,99094.25
1062,../data/jpg/image_1125.jpg,10667.07
1063,../data/jpg/image_0321.jpg,6584.07
1064,../data/jpg/image_1098.jpg,16610.31
1065,../data/jpg/image_1249.jpg,783.89
1066,../data/jpg/image_0160.jpg,12675.75
1067,../data/jpg/image_0158.jpg,1135.54
1068,../data/jpg/image_0835.jpg,2474.75
1069,../data/jpg/image_0547.jpg,31924.55
1070,../data/jpg/image_1034.jpg,45087.75
1071,../data/jpg/image_0173.jpg,145184.27
1072,../data/jpg/image_0218.jpg,216.8
1073,../data/jpg/image_0942.jpg,235.98
1074,../data/jpg/image_0637.jpg,165180.55
1075,../data/jpg/image_0009.jpg,433.62
1076,../data/jpg/image_0999.jpg,100797.09
1077,../data/jpg/image_0447.jpg,248.58
1078,../data/jpg/image_1047.jpg,8534.63
1079,../data/jpg/image_0701.jpg,1779.52
1080,../data/jpg/image_0711.jpg,3639.69
1081,../data/jpg/image_0473.jpg,5609.78
1082,../data/jpg/image_1321.jpg,446.78
1083,../data/jpg/image_0444.jpg,5352.44
1084,../data/jpg/image_0871.jpg,214.36
1085,../data/jpg/image_0256.jpg,36767.89
1086,../data/jpg/image_0583.jpg,4491.98
1087,../data/jpg/image_0368.jpg,1942.28
1088,../data/jpg/image_0804.jpg,8619.1
1089,../data/jpg/image_1279.jpg,6142.0
1090,../data/jpg/image_0031.jpg,512.35
1091,../data/jpg/image_1072.jpg,3673.28
1092,../data/jpg/image_0073.jpg,882.3
1093,../data/jpg/image_1172.jpg,144875.15
1094,../data/jpg/image_0347.jpg,7764.45
1095,../data/jpg/image_0381.jpg,58288.68
1096,../data/jpg/image_0968.jpg,11403.27
1097,../data/jpg/image_0288.jpg,31440.31
1098,../data/jpg/image_1052.jpg,9492.25
1099,../data/jpg/image_0140.jpg,216.43
1100,../data/jpg/image_0851.jpg,10247.07
1101,../data/jpg/image_1113.jpg,398.46
1102,../data/jpg/image_1187.jpg,55018.83
1103,../data/jpg/image_0528.jpg,663.74
1104,../data/jpg/image_0840.jpg,5615.49
1105,../data/jpg/image_0299.jpg,3393.49
1106,../data/jpg/image_0206.jpg,1782.35
1107,../data/jpg/image_0837.jpg,4177.6
1108,../data/jpg/image_0863.jpg,63970.57
1109,../data/jpg/image_0630.jpg,11700.2
1110,../data/jpg/image_0549.jpg,380.64
1111,../data/jpg/image_1092.jpg,10543.89
1112,../data/jpg/image_0478.jpg,2102.23
1113,../data/jpg/image_0281.jpg,710.93
1114,../data/jpg/image_0585.jpg,4044.05
1115,../data/jpg/image_0119.jpg,31767.94
1116,../data/jpg/image_1142.jpg,2118.91
1117,../data/jpg/image_0363.jpg,26812.6
1118,../data/jpg/image_0550.jpg,262.5
1119,../data/jpg/image_0902.jpg,286346.26
1120,../data/jpg/image_0285.jpg,1708.88
1121,../data/jpg/image_1156.jpg,4151.07
1122,../data/jpg/image_0328.jpg,29499.52
1123,../data/jpg/image_0395.jpg,278.78
1124,../data/jpg/image_1094.jpg,19032.93
1125,../data/jpg/image_0215.jpg,5840.37
1126,../data/jpg/image_0112.jpg,2919.95
1127,../data/jpg/image_0391.jpg,59339.09
1128,../data/jpg/image_0394.jpg,61303.53
1129,../data/jpg/image_0440.jpg,12112.7
1130,../data/jpg/image_0356.jpg,74801.94
1131,../data/jpg/image_0330.jpg,13237.2
1132,../data/jpg/image_0185.jpg,106616.98
1133,../data/jpg/image_0710.jpg,8939.01
1134,../data/jpg/image_0647.jpg,24975.35
1135,../data/jpg/image_1221.jpg,1139.38
1136,../data/jpg/image_0184.jpg,3835.09
1137,../data/jpg/image_0604.jpg,9237.74
1138,../data/jpg/image_0105.jpg,384.51
1139,../data/jpg/image_0874.jpg,1985.71
1140,../data/jpg/image_0019.jpg,48195.67
1141,../data/jpg/image_0489.jpg,2999.25
1142,../data/jpg/image_1188.jpg,638.71
1143,../data/jpg/image_0125.jpg,13165.35
1144,../data/jpg/image_1343.jpg,221.9
1145,../data/jpg/image_0404.jpg,207.73
1146,../data/jpg/image_0700.jpg,47499.65
1147,../data/jpg/image_0956.jpg,2599.48
1148,../data/jpg/image_0745.jpg,5654.19
1149,../data/jpg/image_0196.jpg,945.4
1150,../data/jpg/image_0510.jpg,196.96
1151,../data/jpg/image_0916.jpg,43918.1
1152,../data/jpg/image_0008.jpg,19654.72
1153,../data/jpg/image_0642.jpg,3641.71
1154,../data/jpg/image_0516.jpg,17165.43
1155,../data/jpg/image_1201.jpg,1213.11
1156,../data/jpg/image_0984.jpg,2162.28
1157,../data/jpg/image_1312.jpg,12780.59
1158,../data/jpg/image_1205.jpg,9927.79
1159,../data/jpg/image_0249.jpg,19527.62
1160,../data/jpg/image_0938.jpg,54532.38
1161,../data/jpg/image_0012.jpg,1051.07
1162,../data/jpg/image_0638.jpg,51646.03
1163,../data/jpg/image_0892.jpg,385.78
1164,../data/jpg/image_1123.jpg,2400.12
1165,../data/jpg/image_1164.jpg,457.14
1166,../data/jpg/image_0844.jpg,87694.48
1167,../data/jpg/image_1135.jpg,24636.06
1168,../data/jpg/image_0943.jpg,35941.17
1169,../data/jpg/image_0541.jpg,7071.77
1170,../data/jpg/image_0032.jpg,363.3
1171,../data/jpg/image_0795.jpg,219.44
1172,../data/jpg/image_0841.jpg,11956.47
1173,../data/jpg/image_0659.jpg,269.33
1174,../data/jpg/image_0870.jpg,2275.29
1175,../data/jpg/image_0029.jpg,25645.73
1176,../data/jpg/image_0060.jpg,15626.46
1177,../data/jpg/image_0179.jpg,206.39
1178,../data/jpg/image_0496.jpg,804.64
1179,../data/jpg/image_0226.jpg,1023.93
1180,../data/jpg/image_1044.jpg,197.97
1181,../data/jpg/image_0201.jpg,231.89
1182,../data/jpg/image_1068.jpg,27225.96
1183,../data/jpg/image_0350.jpg,201013.1
1184,../data/jpg/image_0438.jpg,910.7
1185,../data/jpg/image_0753.jpg,1360.35
1186,../data/jpg/image_1283.jpg,16508.51
1187,../data/jpg/image_0961.jpg,8722.35
1188,../data/jpg/image_1147.jpg,503.38
1189,../data/jpg/image_0174.jpg,426.69
1190,../data/jpg/image_0423.jpg,5591.59
1191,../data/jpg/image_0715.jpg,11923.15
1192,../data/jpg/image_0016.jpg,18298.74
1193,../data/jpg/image_0227.jpg,607.09
1194,../data/jpg/image_0051.jpg,3396.11
1195,../data/jpg/image_0080.jpg,10828.26
1196,../data/jpg/image_0819.jpg,7778.22
1197,../data/jpg/image_0927.jpg,112722.71
1198,../data/jpg/image_1162.jpg,288.33
1199,../data/jpg/image_0041.jpg,5124.37
1200,../data/jpg/image_0425.jpg,15761.9
1201,../data/jpg/image_1340.jpg,308.47
1202,../data/jpg/image_0291.jpg,262.62
1203,../data/jpg/image_0252.jpg,212.36
1204,../data/jpg/image_0400.jpg,360.96
1205,../data/jpg/image_1349.jpg,251.52
1206,../data/jpg/image_1077.jpg,237439.52
1207,../data/jpg/image_0660.jpg,1671.98
1208,../data/jpg/image_0693.jpg,21628.19
1209,../data/jpg/image_0842.jpg,64127.6
1210,../data/jpg/image_0141.jpg,525.91
1211,../data/jpg/image_0658.jpg,848.94
1212,../data/jpg/image_0843.jpg,28880.17
1213,../data/jpg/image_0182.jpg,2898.96
1214,../data/jpg/image_1352.jpg,2426.81
1215,../data/jpg/image_0493.jpg,23441.23
1216,../data/jpg/image_0979.jpg,1213.81
1217,../data/jpg/image_0777.jpg,473.84
1218,../data/jpg/image_1215.jpg,207.16
1219,../data/jpg/image_0224.jpg,10231.51
1220,../data/jpg/image_0070.jpg,24691.58
1221,../data/jpg/image_0093.jpg,38956.56
1222,../data/jpg/image_1185.jpg,3631.82
1223,../data/jpg/image_1278.jpg,9866.19
1224,../data/jpg/image_0582.jpg,34806.1
1225,../data/jpg/image_0046.jpg,15577.52
1226,../data/jpg/image_1186.jpg,28099.01
1227,../data/jpg/image_0713.jpg,1078.15
1228,../data/jpg/image_1229.jpg,3433.49
1229,../data/jpg/image_0290.jpg,37269.98
1230,../data/jpg/image_0096.jpg,2195.23
1231,../data/jpg/image_0380.jpg,29457.79
1232,../data/jpg/image_0543.jpg,161011.77
1233,../data/jpg/image_0399.jpg,165195.93
1234,../data/jpg/image_1228.jpg,9529.7
1235,../data/jpg/image_0669.jpg,767.25
1236,../data/jpg/image_0104.jpg,7463.78
1237,../data/jpg/image_1031.jpg,4515.57
1238,../data/jpg/image_0868.jpg,1798.69
1239,../data/jpg/image_1118.jpg,14390.43
1240,../data/jpg/image_0866.jpg,58407.77
1241,../data/jpg/image_0414.jpg,1245.95
1242,../data/jpg/image_0028.jpg,3401.23
1243,../data/jpg/image_0453.jpg,1515.03
1244,../data/jpg/image_1211.jpg,26848.86
1245,../data/jpg/image_1328.jpg,4808.55
1246,../data/jpg/image_0891.jpg,4915.71
1247,../data/jpg/image_0340.jpg,74357.67
1248,../data/jpg/image_1024.jpg,47253.0
1249,../data/jpg/image_1055.jpg,145687.52
1250,../data/jpg/image_0770.jpg,655.51
1251,../data/jpg/image_0595.jpg,193.76
1252,../data/jpg/image_0244.jpg,443.26
1253,../data/jpg/image_0364.jpg,35135.39
1254,../data/jpg/image_1104.jpg,65168.82
1255,../data/jpg/image_0775.jpg,210.71
1256,../data/jpg/image_0312.jpg,54149.75
1257,../data/jpg/image_0407.jpg,546.55
1258,../data/jpg/image_0806.jpg,15261.34
1259,../data/jpg/image_1203.jpg,205.02
1260,../data/jpg/image_0087.jpg,5330.77
1261,../data/jpg/image_0471.jpg,4306.62
1262,../data/jpg/image_1302.jpg,582.5
1263,../data/jpg/image_0043.jpg,801.38
1264,../data/jpg/image_1353.jpg,607.46
1265,../data/jpg/image_0064.jpg,52969.16
1266,../data/jpg/image_0616.jpg,6493.91
1267,../data/jpg/image_1305.jpg,2788.25
1268,../data/jpg/image_0721.jpg,39493.68
1269,../data/jpg/image_0963.jpg,1627.63
1270,../data/jpg/image_0421.jpg,248.3
1271,../data/jpg/image_1154.jpg,205.75
1272,../data/jpg/image_0408.jpg,15362.99
1273,../data/jpg/image_0233.jpg,342.47
1274,../data/jpg/image_0267.jpg,5879.74
1275,../data/jpg/image_0061.jpg,193.37
1276,../data/jpg/image_1019.jpg,11556.21
1277,../data/jpg/image_0097.jpg,214.69
1278,../data/jpg/image_0937.jpg,280.51
1279,../data/jpg/image_1218.jpg,34287.8
1280,../data/jpg/image_0369.jpg,2804.62
1281,../data/jpg/image_1106.jpg,275881.32
1282,../data/jpg/image_0574.jpg,1438.8
1283,../data/jpg/image_0829.jpg,439.12
1284,../data/jpg/image_0720.jpg,799.9
1285,../data/jpg/image_0329.jpg,51243.47
1286,../data/jpg/image_0922.jpg,2035.68
1287,../data/jpg/image_0539.jpg,616.92
1288,../data/jpg/image_0037.jpg,80291.61
1289,../data/jpg/image_1008.jpg,479005.24
1290,../data/jpg/image_0305.jpg,21118.74
1291,../data/jpg/image_0240.jpg,2309.34
1292,../data/jpg/image_0876.jpg,251.06
1293,../data/jpg/image_0272.jpg,812.89
1294,../data/jpg/image_0915.jpg,7831.26
1295,../data/jpg/image_0359.jpg,28883.83
1296,../data/jpg/image_0778.jpg,250.91
1297,../data/jpg/image_1252.jpg,46628.74
1298,../data/jpg/image_0743.jpg,4165.77
1299,../data/jpg/image_0771.jpg,307.46
1300,../data/jpg/image_0406.jpg,6783.67
1301,../data/jpg/image_0532.jpg,212.82
1302,../data/jpg/image_0476.jpg,39128.52
1303,../data/jpg/image_1224.jpg,13102.52
1304,../data/jpg/image_0557.jpg,196.31
1305,../data/jpg/image_0592.jpg,22584.31
1306,../data/jpg/image_0090.jpg,18761.48
1307,../data/jpg/image_0576.jpg,2328.53
1308,../data/jpg/image_0307.jpg,15602.91
1309,../data/jpg/image_1335.jpg,1745.67
1310,../data/jpg/image_0234.jpg,416.58
1311,../data/jpg/image_0091.jpg,2090.12
1312,../data/jpg/image_0315.jpg,414.56
1313,../data/jpg/image_0997.jpg,1007.92
1314,../data/jpg/image_0079.jpg,7869.02
1315,../data/jpg/image_0327.jpg,949.82
1316,../data/jpg/image_0308.jpg,45361.64
1317,../data/jpg/image_0198.jpg,42239.61
1318,../data/jpg/image_0239.jpg,1244.09
1319,../data/jpg/image_0610.jpg,256.22
1320,../data/jpg/image_1297.jpg,2081.19
1321,../data/jpg/image_0599.jpg,139327.94
1322,../data/jpg/image_1064.jpg,18384.8
1323,../data/jpg/image_0020.jpg,354.32
1324,../data/jpg/image_1272.jpg,10636.8
1325,../data/jpg/image_0187.jpg,224.68
1326,../data/jpg/image_0191.jpg,287.55
1327,../data/jpg/image_1015.jpg,6475.54
1328,../data/jpg/image_0145.jpg,2976.82
1329,../data/jpg/image_0883.jpg,35767.97
1330,../data/jpg/image_0418.jpg,5413.93
1331,../data/jpg/image_1277.jpg,1590.3
1332,../data/jpg/image_0010.jpg,10933.38
1333,../data/jpg/image_0357.jpg,40569.68
1334,../data/jpg/image_0048.jpg,40454.93
1335,../data/jpg/image_0631.jpg,34340.26
1336,../data/jpg/image_1091.jpg,17247.16
1337,../data/jpg/image_0416.jpg,17423.11
1338,../data/jpg/image_0045.jpg,3570.1
1339,../data/jpg/image_1065.jpg,5585.49
1340,../data/jpg/image_0598.jpg,21604.91
1341,../data/jpg/image_0921.jpg,3467.4
1342,../data/jpg/image_1248.jpg,1453.94
1343,../data/jpg/image_1096.jpg,254.98
1344,../data/jpg/image_0645.jpg,34035.8
1345,../data/jpg/image_1018.jpg,3737.58
1346,../data/jpg/image_0792.jpg,2267.47
1347,../data/jpg/image_0801.jpg,2744.12
1348,../data/jpg/image_0900.jpg,1445.96
1349,../data/jpg/image_0834.jpg,240.32
1350,../data/jpg/image_0260.jpg,52570.24
1351,../data/jpg/image_1223.jpg,1489.58
1352,../data/jpg/image_0221.jpg,2512.08
1353,../data/jpg/image_0475.jpg,8767.1
1354,../data/jpg/image_0682.jpg,29495.18
1355,../data/jpg/image_1342.jpg,3405.97
1356,../data/jpg/image_1025.jpg,2111.87
1357,../data/jpg/image_1061.jpg,6500.44
1358,../data/jpg/image_0134.jpg,554.87
